session_id,lap,lap_time_s,lap_dist_m,max_speed_mph,avg_speed_mph,max_rpm,max_lat_g,max_accel_g,max_decel_g,pct_wot,avg_throttle,pct_braking,coolant_min_f,coolant_max_f,iat_min_f,iat_max_f,is_clean,clean_reason,gps_lag_s,gps_pos_lag_s,gps_lag_corr,gps_lag_source
20240829-132325,0,120.731,3198.0,94.448,13.489497652582159,7785,0.22,0.53,0.2,0.03536776212832551,0.2099987759334227,0.035054773082942095,186.8,204.8,105.8,140.0,False,warmup,0.37,0.11,,session
20240829-132325,1,103.473,3198.0,118.061,69.2963652934743,7514,1.25,0.5,0.93,0.2971199416697047,0.49173124231697485,0.14910681735326284,188.6,195.8,100.4,113.0,True,,0.233,0.11,0.9984,lap
20240829-132325,2,98.659,3198.0,119.925,72.42615095057035,7339,1.3,0.69,1.06,0.28098859315589353,0.5267332509428719,0.17490494296577946,195.8,201.2,100.4,107.6,True,,0.33,0.11,0.9959,lap
20240829-132325,3,97.427,3198.0,118.682,73.45554520865534,7487,1.16,0.6,1.0,0.46020092735703244,0.6188205397747104,0.1750386398763524,201.2,204.8,102.2,105.8,True,,0.334,0.11,0.9969,lap
20240829-132325,4,94.981,3198.0,119.925,75.46265716547902,7852,1.27,0.5,1.02,0.48772763262074426,0.6421055156801666,0.18052256532066507,204.8,210.2,102.2,105.8,True,,0.394,0.11,0.9961,lap
20240829-132325,5,98.857,3198.0,119.925,72.48973360809292,7398,1.23,0.51,0.95,0.2326714125140502,0.5014608720712814,0.18471337579617833,210.2,210.2,102.2,107.6,True,,0.374,0.11,0.9973,lap
20240829-132325,6,98.083,3198.0,113.09,73.03503220917014,7485,1.19,0.61,0.85,0.31337627889352027,0.5310569715602214,0.17582417582417584,210.2,212.0,102.2,107.6,True,,0.366,0.11,0.9955,lap
20240829-132325,7,97.314,3198.0,118.682,73.75853738140418,7773,1.19,0.52,0.97,0.40721062618595827,0.5824934105094719,0.177988614800759,210.2,212.0,102.2,107.6,True,,0.434,0.11,0.9973,lap
20240829-132325,8,97.999,3198.0,119.925,72.67644911085888,7883,1.18,0.53,1.19,0.4767309875141884,0.6386769047779977,0.182368520620507,210.2,212.0,102.2,107.6,True,,0.322,0.11,0.9964,lap
20240829-132325,9,94.704,3198.0,119.925,75.29744871794873,7769,1.3,0.65,0.95,0.49106449106449107,0.6381734053858203,0.18337218337218336,210.2,212.0,102.2,107.6,True,,0.398,0.11,0.9929,lap
20240829-132325,10,94.465,3198.0,118.682,76.0947099921936,7660,1.34,0.51,1.0,0.492583918813427,0.639327969947034,0.17720530835284934,212.0,213.8,102.2,107.6,True,,0.357,0.11,0.9925,lap
20240829-132325,11,94.054,3198.0,119.303,75.99471993732863,7862,1.41,0.55,0.98,0.48766157461809634,0.624379436467395,0.17587152369761067,212.0,213.8,102.2,107.6,True,,0.391,0.11,0.9961,lap
20240829-132325,12,95.947,3198.0000000000005,118.682,74.32303958888465,7989,1.29,0.62,0.96,0.35249333840883135,0.5455704677970077,0.16673011039208221,212.0,215.6,102.2,107.6,True,,0.45,0.11,0.9946,lap
20240829-132325,13,183.422,3198.0,91.963,35.104245167853506,5043,1.11,0.36,0.56,0.0046795523906408955,0.18839441151741626,0.12553407934893185,204.8,213.8,105.8,116.6,False,cooldown,0.37,0.11,,session
